"00220","POLAR SELTZER 12Z"
"00234","POLAR LEMON SELTZER"
"02001","POLAR PALE DRY GINGER ALE"
"02002","POLAR GOLDEN GINGER"
"02004","POLAR CLUB SODA"
"02005","POLAR BIRCH BEER"
"02007","POLAR CREAM SODA"
"02012","POLAR TONIC WATER"
"02013","POLAR ROOT BEER"
"02016","POLAR TOM COLLINS"
"02017","POLAR HALF & HALF SO"
"02020","POLAR SELTZER WATER"
"02022","CAPE COD CRANBERRY D"
"02026","POLAR BITTER LEMON"
"02030","POLAR RASP/LIME SELT"
"02034","POLAR LEMON SELTZER"
"02035","POLAR LIME SELTZER"
"02036","POLAR LIME TONIC WAT"
"02042","POLAR SELTZER W/CRAN"
"02044","POLAR SELTZER W/M/OR"
"02048","CC RASPBERRY LIME S"
"02051","POLAR DIET GINGERALE"
"02052","POLAR DIET BIRCH"
"02053","POLAR DIET GRAPE"
"02055","POLAR DIET ROOTBEER"
"02056","POLAR DT HALF & HALF"
"02059","POLAR DT CHOC FDG"
"02062","POLAR DIET CREAM SOD"
"02069","POLAR DT TONIC WATER"
"02072","POLAR DT C/COD CRAN"
"02098","CC DT RASP/LIME S"
"05201","POLAR GINGERALE"
"05211","POLAR ORANGE DRY"
"05220","POLAR SELTZER"
"05222","POLAR CRANBERRY DRY"
"05230","POLAR RASP LIME SELT"
"05234","POLAR LEMON SELTZER"
"05235","POLAR LIME SELTZER"
"05242","POLAR CRAN-LIME SELT"
"05248","POLAR RASP/LIME"
"05251","POLAR DIET GINGERALE"
"05258","POLAR DT ORNGE DRY"
"05262","POLAR DT CREAM SODA"
"05272","POLAR DT CRANBRY DRY"
"05298","POLAR DT RASP/LME"
"20101","POLAR PALE GINGERAL"
"20120","POLAR SELTZER 12Z"
"20122","POLAR CC CRANBERRY D"
"20130","POLAR SELTZER"
"20134","POLAR LEMON SELTZER"
"20135","POLAR LIME SELTZER 1"
"20142","POLAR CRAN/LME SLTZR"
"20158","POLAR DT ORANGE DRY"
"20172","POLAR CC DT CRANBRY"
"02028","POLAR BLACK CHERRY"
"00235","POLAR LIME SELTZER"
"02010","POLAR BLACK CHERRY"
"02060","POLAR DT BLK CHERRY"
"06994","POLAR CLUB SODA"
"06995","POLAR TONIC WATER"
"00211","POLAR ORANGE DRY"
"00251","POLAR DT GINGER ALE"
"00228","POLAR BLACK CHERRY S"
"03942","CRAN/LIME SELTZER"
"03934","LEMON SELTZER"
"03935","LIME SELTZER"
"03920","SELTZER"
"02037","POLAR VANILLA SELTZE"
"03947","POLAR SPORTS CAP WAT"
"03931","RASP/LIME SELTZER"
"06987","POLAR DIET TONIC"
"02024","POLAR POMEGRANATE SO"
"02064","DIET POMEGRANATE SOD"
"02045","POLAR POMEGRANATE SE"
"05224","POMEGRANATE SODA"
"05264","POMEGRANATE DIET SOD"
"20133","POLAR POMEGRANTE"
"00245","POMEGRANATE SELTZER"
"02025","POLAR RUBY RED GRFT"
"02046","POLAR BLUBRY SLTZR"
"03945","POMERGRNT SETLZR"
"03013","POLAR ROOTBEER"
"03010","POLAR BLK CHERRY"
"03006","POLAR VAN CREAM"
"03003","POLAR ORANGE CRM"
"03055","POLAR DT ROOTBEER"
"02067","POLAR DT TONC W/LIME"
"02090","FRUIT A PEEL APPLE"
"02091","FRUIT A PEEL BLK BRY"
"02092","FRUIT A PEEL CRNBRY"
"02093","FRUIT A PEEL GRAPE"
"02094","FRUIT A PEEL LEMON"
"02096","FRUIT A PEEL POMEGRN"
"02015","POLAR POM GINGERALE"
"02057","POLAR POM GT GINGERA"
"02095","FRUIT A PEEL RASPBER"
"00086","POLAR ORNGDRY"
"00097","POLAR DT ORNGDRY"
"02000","POLAR GRN TEA PALE"
"02050","POLAR DT GRN TEA"
